INSERT INTO public.users
        (id, email, fullname, "password", phone, "role", created_at, updated_at)
VALUES
        ('7134554c-b6f7-47c0-84da-1da54275a316', 'nguyendangkhoapt22@gmail.com', 'Dang Khoa',
                '$2a$10$hZfEI87JG2KHBKXc/66WY..DNREdsgASpMkEywJidCsKqaMnZdC8W', '0374732740', 'USER', NULL, NULL),
        ('20743b39-a3ee-4fd0-a842-aabd212055b3', 'tien12@gmail.com', 'Tien',
                '$2a$10$/LUcLqWjbCdxGqgtTb3LO.PLWvVdkG6sTMG9n7c5wNM2gc1R/ukFe', '0913988775', 'USER', NULL, NULL),
        ('18fafebb-2c09-4661-bf53-326ab6c32242', 'tien122@gmail.com', 'Tien',
                '$2a$10$UdqcHK6ny1D2GGcfnJVakuIOpemHqZ8pxiVPB4ZPkPz4x.oLViK4O', '0913988775', 'USER',
                '2025-10-12 10:06:48.66172+07', '2025-10-12 10:06:48.66172+07'),
        ('e5957787-c140-45ec-bb5f-ef8c07dcf1ac', 'tien5@gmail.com', 'Tien',
                '$2a$10$/8oMjG9PlUbmi8wwHYWg1uCAeTbtJRopKcGUKE2bpJH0Phx1p4pnm', '0913988775', 'USER',
                '2025-10-12 22:24:10.115894+07', '2025-10-12 22:24:10.115894+07'),
        ('4d033529-704f-4a4c-b346-c787a93243a9', 'tien45@gmail.com', 'Tien',
                '$2a$10$wOdgWYr/7GlBBLcGREI71uxsEOfRP/s1SgG1oYEdDe74jpgIvWA1W', '0913988775', 'USER',
                '2025-10-12 23:21:05.455656+07', '2025-10-12 23:21:05.455656+07'),
        ('7ff2af50-1af6-4280-a941-627a0a8a6ff3', 'string', 'string',
                '$2a$10$47L.tkUBO99habry3vqJg.Sd4qZy5LHT/GVhb8sx8S1Mi4eu5bIi2', 'string', 'USER',
                '2025-10-12 23:47:14.051975+07', '2025-10-12 23:47:14.051975+07'),
        ('d3b9a383-83e0-4392-a88f-81875148c8af', 'user@exampleew.com', 'Nguyen Van A',
                '$2a$10$dV.5KpCaP.H79FJuS/N0ZO05fxW7AM7tSnzAEHQ7ISzchekE0FcyC', '0901234567', 'USER',
                '2025-10-12 23:51:48.121956+07', '2025-10-12 23:51:48.121956+07'),
        ('c3023ee4-61b6-408c-8c14-45889875fc5d', 'nguyendangkhoapt18@gmail.com', 'Nguyễn Đăng Khoa',
                '$2a$10$sX5WY6xbmNQmeK/j/l/ZEOf/Hsb3v0xOol2c9ra2eyx5akVrKsfx.', '0374732740', 'USER',
                '2025-10-13 08:18:44.953588+07', '2025-10-13 08:18:44.953588+07'),
        ('16fd56f8-2a78-4e9a-8032-9d6af2e803f7', 'john@example.com', NULL,
                '$2a$10$0UrgPNO9CJ0gSsYkBnFQvOevg3iwFb4nh6spaiIgIen7Mv.50jD4O', NULL, 'USER', '2025-10-13 10:57:08.109925+07',
                '2025-10-13 10:57:08.109925+07'),
        ('4bd6e7a6-c88b-4a28-aeb5-aaaa11848c4b', 'test@gmail.com', NULL,
                '$2a$10$gaHWZ1Oo9PBi9SgqeNNbaeayL3BnC6nDeRa327vgkLnH5qdLhslgG', NULL, 'USER', '2025-10-13 16:40:46.259408+07',
                '2025-10-13 16:40:46.259408+07');
INSERT INTO public.users
        (id, email, fullname, "password", phone, "role", created_at, updated_at)
VALUES
        ('1d901086-4fdd-469a-adf6-cf6a61efcffb', 'temp@gmail.com', NULL,
                '$2a$10$iHH1WJ0XYEOiYsZQf8mnBeC4WgFhp3.psEGQLL3uSnyS8TSAd3uZa', NULL, 'USER', '2025-10-13 20:12:10.781625+07',
                '2025-10-13 20:12:10.781625+07'),
        ('6cabb516-5119-442c-bd54-001afe8d8fa1', 'nguyendangkhoapt19@gmail.com', 'Nguyễn Đăng Khoa',
                '$2a$10$sP3NYF/LcrewlUmkfDBUhOdY1t0l0EU2GdCHzuEBl0w0CnUgHLWSm', '0374732740', 'USER',
                '2025-10-13 22:20:44.018561+07', '2025-10-13 22:20:44.018561+07'),
        ('ca4b9442-cac2-4d45-853e-aace02335957', 'nguyendangkhoapt23@gmail.com', 'Nguyễn Văn A',
                '$2a$10$K8qRk.LsRRQWsILPfZLbqeR736Y/zeZD.pukj5wYdpLJ/IZit0Q9u', '0123456789', 'USER',
                '2025-10-13 22:25:38.665389+07', '2025-10-13 22:25:38.665389+07'),
        ('b6b8d2a2-41a2-4bb3-8add-049b098acc1f', 'nguyendangkhoapt24@gmail.com', 'Nguyễn Đăng Khoa',
                '$2a$10$W3WNmCQGZiWoaUQOXQ0pK.9l1w3ybhUfsqq1gXHm/zq7ak601vcni', '0374732740', 'USER',
                '2025-10-13 22:26:31.689374+07', '2025-10-13 22:26:31.689374+07'),
        ('31fc606b-72da-42a6-82ef-5143058f59eb', 'company@gmail.com', 'Company',
                '$2a$10$ASD3teGThaTrvDuiF04w7Oouagj5AodXs/7uzMMJVhJldwLZ7BKl6', '0374732740', 'USER',
                '2025-10-14 11:20:39.529329+07', '2025-10-14 11:20:39.529329+07'),
        ('8035b9c5-8cd8-4d48-b66c-b190910ed4b4', 'company+01@gmail.com', 'Company',
                '$2a$10$bHaePJWa1Nqc8n2pH1eHde7.WdJ.sIEhotzJ4TXWWbr7r5TAXathG', '0374732740', 'COMPANY',
                '2025-10-14 11:21:02.379815+07', '2025-10-14 11:21:02.379815+07'),
        ('75dc47d1-1e13-418e-8d9b-4f6aaa12cfff', 'company+02@gmail.com', 'Company',
                '$2a$10$3jWgqSByLOCphKUktEyZEe8Rkw.v0rVE3XgjVkF1M9zkwI2ilsS3W', '0374732740', 'COMPANY',
                '2025-10-14 11:21:46.05209+07', '2025-10-14 11:21:46.05209+07'),
        ('8e5b47d5-882b-4f6e-ab62-5be0edb559ad', 'tien2323@gmail.com', 'Tien',
                '$2a$10$.nM2JnOGF2ZZ1JN5FmC3ru1GOo4oydgblA6VzT7rw/egmQsXppUea', '0913988775', 'UNKNOWN',
                '2025-10-14 11:44:43.701251+07', '2025-10-14 11:44:43.701251+07'),
        ('aa38a713-0170-43ac-bb0f-fb73aa9c154e', 'company+05gmail.com', 'Company',
                '$2a$10$DKVZz8Azj5zEm7BvjiojDuM7Ip5knNbc4Vg2ztX7MUjWiNa0UXzzm', '0374732740', 'COMPANY',
                '2025-10-14 11:58:23.193176+07', '2025-10-14 11:58:23.193176+07'),
        ('bd7af051-e5d1-4b09-8f52-c5fdc214b317', 'company+05@gmail.com', 'Company',
                '$2a$10$t9Gt.N7sYmGr0jZkgBRtHuMiBJoH4bS/Xdi5p7.D5ijeENr5qhRqi', '0374732740', 'COMPANY',
                '2025-10-14 11:58:48.060268+07', '2025-10-14 11:58:48.060268+07');
INSERT INTO public.users
        (id, email, fullname, "password", phone, "role", created_at, updated_at)
VALUES
        ('1f69ebae-1f4f-4eb9-bb10-4ca6fe455908', 'user@examplee.com', 'Nguyen Van A',
                '$2a$10$rjHEMk5CEaL9uh8QNXt33Ow/KXXBgs4FwLUQVJ2wg0jdcI9I4knFm', '0901234567', 'COMPANY
', '2025-10-12 23:30:29.401185+07', '2025-10-12 23:30:29.401185+07'),
        ('d158c2ea-3b21-4108-9170-88353f62959b', 'company+10@gmail.com', 'Company',
                '$2a$10$VQgJxg8aG2eli7aYp8uXF.RppL5gLZPLE0gGHX5gNyh4jUWnncjJi', '0374732740', 'COMPANY',
                '2025-10-16 21:05:53.192562+07', '2025-10-16 21:05:53.192562+07'),
        ('ffbc588e-640d-43f0-b8a7-48958ad95551', 'khoanguyen@gmail.com', 'Nguyen Khoa',
                '$2a$10$qwOLriXACa1/DVr97vTC7.8Ul3gbzPAsrV6rJVqO85ZE07bfOno26', '0325123456', 'USER',
                '2025-10-16 16:10:30.576938+07', '2025-10-16 16:10:30.576938+07'),
        ('794e3537-64b7-4678-af79-9061a5eaeb17', 'tien2@gmail.com', 'Tien',
                '$2a$10$/uU1R2bh2SeoVJAMkgklUecriPzhJpG8WumdKqgK9fMrofVD.dEUG', '0913988775', 'USER',
                '2025-10-16 20:39:53.903036+07', '2025-10-16 20:39:53.903036+07'),
        ('8a2b30e0-0637-4984-8e2f-9531ecb3c10b', 'nhutlong20112004@gmail.com', 'Hàng Nhựt Long',
                '$2a$10$py4.s60BHY9xu5kWFs2ML.9kMusFZeIRheVnXbEtD9viFgKaATCVG', '0123456978', 'USER',
                '2025-10-16 20:44:39.901723+07', '2025-10-16 20:44:39.901723+07'),
        ('dd9b25ba-1fd0-43e7-af22-0167cf3447dd', 'hellevil20112004@gmail.com', 'Long Long',
                '$2a$10$vMyReT4BEf85n1stYVa.xuOd.BgZjY5ZVJmQcz/eDHKR2N3wk4/BG', '0123459876', 'USER',
                '2025-10-16 20:56:32.422409+07', '2025-10-16 20:56:32.422409+07'),
        ('5eb6f657-b321-495a-a6ec-6379533e9945', 'abcdefgh@gmail.com', 'Nhut Long',
                '$2a$10$cfxf.i99lRvAHTIIuG5gIuiegpXHcgumuWMdwakqcK.BejZXtb1I.', '0987654212', 'USER',
                '2025-10-16 21:14:11.054953+07', '2025-10-16 21:14:11.054953+07'),
        ('60a182f0-7561-4846-bea5-ace811463043', 'nguyendangkhoapt25@gmail.com', 'Nguyễn Đăng Khoa',
                '$2a$10$Y5L/T/xkWJRux.wT8lFe5.dkW35YFvztZcZqDxTmyKZS/qK5ZRuj.', '0123456789', 'USER',
                '2025-10-16 21:15:53.346865+07', '2025-10-16 21:15:53.346865+07'),
        ('6e25483c-732c-4776-85fd-f6c5fc2a87f7', 'company+011@gmail.com', 'company',
                '$2a$10$i0gXGS0HqNdux9.Gak.R1.yV2a3NFuKXgMzDLLOLzTWmpQ379R6Xy', '0123456789', 'USER',
                '2025-10-16 21:17:03.434973+07', '2025-10-16 21:17:03.434973+07'),
        ('fd05b518-291d-4974-a207-3e12aa8c4db5', 'company+012@gmail.com', 'Company',
                '$2a$10$PEny8n2hR.hfeDWYb0QV2uBcam4ZKhetAPWzBG910aKoGrfM2nD4q', '0123456789', 'USER',
                '2025-10-16 21:17:46.682551+07', '2025-10-16 21:17:46.682551+07');
INSERT INTO public.users
        (id, email, fullname, "password", phone, "role", created_at, updated_at)
VALUES
        ('b02f66a1-9aa3-4ba9-ab80-2b9ead31bfc0', 'company+013@gmail.com', 'Company',
                '$2a$10$7w6cFJLnr4eLHjEJUg7wE.5ILG1ctiwbVuN8u59y/bnBc3glxqqzS', '0123456789', 'USER',
                '2025-10-16 21:22:07.564973+07', '2025-10-16 21:22:07.564973+07'),
        ('cab25425-be6a-4466-b856-ffa154761956', 'hoang@gmail.com', 'hoang',
                '$2a$10$32oZrEN/wd8VlT/q487jbeq8MZ07G865gNWzKAPn7LfL2yUH8R9nK', '0849211104', 'USER',
                '2025-10-16 21:35:50.285562+07', '2025-10-16 21:35:50.285562+07'),
        ('a4c84767-19c4-461c-b9f5-6981cdd0c0c6', 'dan@mail.co', 'Dan Tran',
                '$2a$10$xPwiTygvYFZlZMPrpXskAuPealBWhQhTDQbOxYbXwmA6u0c52BbMO', '0123456789', 'USER',
                '2025-10-16 21:50:18.330591+07', '2025-10-16 21:50:18.330591+07'),
        ('6eedb906-062c-4264-8784-7e97558c3af2', 'hoang123@gmail.com', 'hoang',
                '$2a$10$gTTchXQ.00C2/F7RXIB8rewT/lGtuPE6SKxGx/NN.eZ/jSUtzg6Vi', '0849211104', 'USER',
                '2025-10-16 22:03:03.821761+07', '2025-10-16 22:03:03.821761+07'),
        ('630b4eeb-fdfb-464a-a598-422ed8702aef', 'nguyendangkhoapt30@gmail.com', 'NDK',
                '$2a$10$XQQiPszT2bLdfvS6TQ70CeKuioDD.w6s6GEbZjOd1ECA9Zw2pS0Dq', '0123456789', 'USER',
                '2025-10-17 07:15:00.306667+07', '2025-10-17 07:15:00.306667+07'),
        ('1d9c2668-1af1-46dc-8a2a-65ee549ecc12', 'hoang12345@gmail.com', 'LePhucHoang',
                '$2a$10$/isHRT6Pw3wumPGcDveCk.dhwEl0IoggwSY0YNxchoWabGSgcKSri', '0849211104', 'USER',
                '2025-10-17 08:00:50.882406+07', '2025-10-17 08:00:50.882406+07'),
        ('2bdf1b45-255d-41d1-aafd-098659d6f6fa', 'company+001@gmail.com', 'Công ty TNHH 1 mình tao',
                '$2a$10$fJP7SUkQGdLAOS1xR46zIO3mwLodzz7samhGjjJ1/DcKfDXx1KNF2', '0123456789', 'COMPANY',
                '2025-10-17 20:47:20.482122+07', '2025-10-17 20:47:20.482122+07');


INSERT INTO vehicles
        (
        created_at, updated_at,
        image_url, name, owner_email, owner_id,
        price_per_hour, status, type, is_paused,
        brand, model, color, license_plate, description,
        province, ward, address
        )
VALUES
        -- 1
        ('2025-11-20 10:00:00+07', '2025-11-20 10:00:00+07',
                'https://example.com/car1.jpg', 'Vinfast VF3', 'company1@example.com', 'owner-001',
                300000.0, 'AVAILABLE', 'CAR', false,
                'VinFast', 'VF3', 'White', '51A-001-01', 'Xe Vinfast VF3',
                'Ho Chi Minh', 'Ward 1', 'District 1'),

        -- 2
        ('2025-11-20 10:05:00+07', '2025-11-20 10:05:00+07',
                'https://example.com/car2.jpg', 'Honda Civic', 'company2@example.com', 'owner-002',
                350000.0, 'AVAILABLE', 'CAR', false,
                'Honda', 'Civic', 'Black', '51A-002-02', 'Xe Honda Civic',
                'Ho Chi Minh', 'Ward 2', 'District 1'),

        -- 3
        ('2025-11-20 10:10:00+07', '2025-11-20 10:10:00+07',
                'https://example.com/bike1.jpg', 'Yamaha Exciter', 'user1@example.com', 'owner-003',
                100000.0, 'RENTED', 'BIKE', false,
                'Yamaha', 'Exciter', 'Red', '59B-003-03', 'Xe Yamaha Exciter',
                'Ho Chi Minh', 'Ward 3', 'District 1'),

        -- 4
        ('2025-11-20 10:15:00+07', '2025-11-20 10:15:00+07',
                'https://example.com/bike2.jpg', 'Honda Wave', 'user2@example.com', 'owner-004',
                80000.0, 'AVAILABLE', 'BIKE', false,
                'Honda', 'Wave', 'Blue', '59B-004-04', 'Xe Honda Wave',
                'Ho Chi Minh', 'Ward 4', 'District 2'),

        -- 5
        ('2025-11-20 10:20:00+07', '2025-11-20 10:20:00+07',
                'https://example.com/scooter1.jpg', 'Vinfast Klara', 'user3@example.com', 'owner-005',
                90000.0, 'AVAILABLE', 'SCOOTER', false,
                'VinFast', 'Klara', 'White', '59C-005-05', 'Xe điện Vinfast Klara',
                'Ho Chi Minh', 'Ward 5', 'District 3'),

        -- 6
        ('2025-11-20 10:25:00+07', '2025-11-20 10:25:00+07',
                'https://example.com/scooter2.jpg', 'Yadea S3', 'user4@example.com', 'owner-006',
                85000.0, 'RENTED', 'SCOOTER', false,
                'Yadea', 'S3', 'Black', '59C-006-06', 'Xe điện Yadea S3',
                'Ho Chi Minh', 'Ward 6', 'District 3'),

        -- 7
        ('2025-11-20 10:30:00+07', '2025-11-20 10:30:00+07',
                'https://example.com/car3.jpg', 'Toyota Corolla', 'company3@example.com', 'owner-007',
                320000.0, 'AVAILABLE', 'CAR', false,
                'Toyota', 'Corolla', 'Silver', '51A-007-07', 'Xe Toyota Corolla',
                'Ho Chi Minh', 'Ward 7', 'District 4'),

        -- 8
        ('2025-11-20 10:35:00+07', '2025-11-20 10:35:00+07',
                'https://example.com/bike3.jpg', 'Suzuki Raider', 'user5@example.com', 'owner-008',
                95000.0, 'AVAILABLE', 'BIKE', false,
                'Suzuki', 'Raider', 'Green', '59B-008-08', 'Xe Suzuki Raider',
                'Ho Chi Minh', 'Ward 8', 'District 5'),

        -- 9
        ('2025-11-20 10:40:00+07', '2025-11-20 10:40:00+07',
                'https://example.com/scooter3.jpg', 'Pega eSH', 'user6@example.com', 'owner-009',
                88000.0, 'AVAILABLE', 'SCOOTER', false,
                'Pega', 'eSH', 'Blue', '59C-009-09', 'Xe điện Pega eSH',
                'Ho Chi Minh', 'Ward 9', 'District 5'),

        -- 10
        ('2025-11-20 10:45:00+07', '2025-11-20 10:45:00+07',
                'https://example.com/car4.jpg', 'Kia Morning', 'company4@example.com', 'owner-010',
                280000.0, 'RENTED', 'CAR', false,
                'Kia', 'Morning', 'Red', '51A-010-10', 'Xe Kia Morning',
                'Ho Chi Minh', 'Ward 10', 'District 6');





INSERT INTO public.bookings
        (created_at, updated_at, end_time, start_time, total_amount, user_id, vehicle_id,
        payment_completed_time, status)
VALUES
        ('2025-10-14 10:30:00.439585+07', '2025-10-14 10:30:00.439585+07', '2025-10-29', '2025-10-14', 100.0,
                '7134554c-b6f7-47c0-84da-1da54275a316', '1', NULL, 'PENDING_PAYMENT'),
        ('2025-10-15 08:56:09.054408+07', '2025-10-15 08:56:09.054408+07', '2025-10-29', '2025-10-14', 100.0,
                'b6b8d2a2-41a2-4bb3-8add-049b098acc1f', '10', NULL, 'PENDING_PAYMENT'),
        ('2025-10-15 10:31:23.058743+07', '2025-10-15 10:31:23.058743+07', '2025-10-29', '2025-10-14', 100.0,
                'b6b8d2a2-41a2-4bb3-8add-049b098acc1f', '10', NULL, 'PENDING_PAYMENT'),
        ('2025-10-15 10:31:24.324298+07', '2025-10-15 10:31:24.324298+07', '2025-10-29', '2025-10-14', 100.0,
                'b6b8d2a2-41a2-4bb3-8add-049b098acc1f', '10', NULL, 'PENDING_PAYMENT'),
        ('2025-10-15 10:31:31.935904+07', '2025-10-15 10:31:31.935904+07', '2025-10-29', '2025-10-14', 100.0,
                'b6b8d2a2-41a2-4bb3-8add-049b098acc1f', '10', NULL, 'PENDING_PAYMENT');
INSERT INTO public.bookings
        (created_at, updated_at, end_time, start_time, total_amount, user_id, vehicle_id,
        payment_completed_time, status)
VALUES
        ('2025-10-15 15:53:55.518952+07', '2025-10-15 15:53:55.518952+07', '2025-10-29', '2025-10-14', 100.0,
                'b6b8d2a2-41a2-4bb3-8add-049b098acc1f', '14', NULL, 'PENDING_PAYMENT'),
        ('2025-10-15 15:57:14.467122+07', '2025-10-15 15:57:14.467122+07', '2025-10-29', '2025-10-14', 100.0,
                'b6b8d2a2-41a2-4bb3-8add-049b098acc1f', '12', NULL, 'PENDING_PAYMENT'),
        ('2025-10-15 18:52:32.210379+07', '2025-10-15 18:52:32.210379+07', '2025-10-16 10:00:00', '2025-10-15 22:00:00',
                554400.0, 'b6b8d2a2-41a2-4bb3-8add-049b098acc1f', '17', NULL, 'PENDING_PAYMENT'),
        ('2025-10-15 19:21:59.625306+07', '2025-10-15 19:21:59.625306+07', '2025-10-16 10:00:00', '2025-10-15 22:00:00',
                554400.0, 'ca4b9442-cac2-4d45-853e-aace02335957', '17', NULL, 'PENDING_PAYMENT'),
        ('2025-10-16 20:46:28.458066+07', '2025-10-16 20:46:28.458066+07', '2025-10-21 10:00:00', '2025-10-19 10:00:00',
                16632000, '8a2b30e0-0637-4984-8e2f-9531ecb3c10b', '12', NULL, 'PENDING_PAYMENT'),
        ('2025-10-16 20:48:19.398251+07', '2025-10-16 20:48:19.398251+07', '2025-10-21 10:00:00', '2025-10-20 10:00:00',
                13860000, '8a2b30e0-0637-4984-8e2f-9531ecb3c10b', '10', NULL, 'PENDING_PAYMENT'),
        ('2025-10-16 20:52:51.483014+07', '2025-10-16 20:52:51.483014+07', '2025-10-21 10:00:00', '2025-10-20 10:00:00',
                8316000.0, '8a2b30e0-0637-4984-8e2f-9531ecb3c10b', '12', NULL, 'PENDING_PAYMENT'),
        ('2025-10-16 20:52:51.984741+07', '2025-10-16 20:52:51.984741+07', '2025-10-17 10:00:00', '2025-10-16 22:00:00',
                554400.0, 'b6b8d2a2-41a2-4bb3-8add-049b098acc1f', '17', NULL, 'PENDING_PAYMENT'),
        ('2025-10-16 20:55:52.213646+07', '2025-10-16 20:55:52.213646+07', '2025-10-21 10:00:00', '2025-10-20 10:00:00',
                13860000, '8a2b30e0-0637-4984-8e2f-9531ecb3c10b', '16', NULL, 'PENDING_PAYMENT'),
        ('2025-10-16 20:57:15.749869+07', '2025-10-16 20:57:15.749869+07', '2025-10-21 10:00:00', '2025-10-20 10:00:00',
                2772000.0, 'dd9b25ba-1fd0-43e7-af22-0167cf3447dd', '14', NULL, 'PENDING_PAYMENT');
INSERT INTO public.bookings
        (created_at, updated_at, end_time, start_time, total_amount, user_id, vehicle_id,
        payment_completed_time, status)
VALUES
        ('2025-10-16 20:58:02.436269+07', '2025-10-16 20:58:02.436269+07', '2025-10-21 10:00:00', '2025-10-20 10:00:00',
                13860000, '7134554c-b6f7-47c0-84da-1da54275a316', '16', NULL, 'PENDING_PAYMENT'),
        ('2025-10-16 21:00:15.541203+07', '2025-10-16 21:00:15.541203+07', '2025-10-21 10:00:00', '2025-10-20 10:00:00',
                8316000.0, '7134554c-b6f7-47c0-84da-1da54275a316', '12', NULL, 'PENDING_PAYMENT'),
        ('2025-10-16 21:14:52.67189+07', '2025-10-16 21:14:52.67189+07', '2025-10-21 10:00:00', '2025-10-20 10:00:00',
                8316000.0, '5eb6f657-b321-495a-a6ec-6379533e9945', '12', NULL, 'PENDING_PAYMENT'),
        ('2025-10-16 21:15:40.55565+07', '2025-10-16 21:15:40.55565+07', '2025-10-21 10:00:00', '2025-10-20 10:00:00',
                1108800.0, '5eb6f657-b321-495a-a6ec-6379533e9945', '17', NULL, 'PENDING_PAYMENT'),
        ('2025-10-16 21:39:54.751275+07', '2025-10-16 21:39:54.751275+07', '2025-10-17 10:00:00', '2025-10-16 23:00:00',
                508200.0, 'cab25425-be6a-4466-b856-ffa154761956', '17', NULL, 'PENDING_PAYMENT'),
        ('2025-10-16 21:53:15.890795+07', '2025-10-16 21:53:15.890795+07', '2025-10-17 10:00:00', '2025-10-16 23:00:00',
                508200.0, 'a4c84767-19c4-461c-b9f5-6981cdd0c0c6', '17', NULL, 'PENDING_PAYMENT'),
        ('2025-10-16 21:54:43.806721+07', '2025-10-16 21:54:43.806721+07', '2025-10-17 02:00:00', '2025-10-16 23:00:00',
                1732500.0, 'a4c84767-19c4-461c-b9f5-6981cdd0c0c6', '10', NULL, 'PENDING_PAYMENT'),
        ('2025-10-16 22:22:38.605783+07', '2025-10-16 22:22:38.605783+07', '2025-10-17 10:00:00', '2025-10-16 23:00:00',
                1270500.0, '6eedb906-062c-4264-8784-7e97558c3af2', '14', NULL, 'PENDING_PAYMENT'),
        ('2025-10-16 22:23:27.802518+07', '2025-10-16 22:23:27.802518+07', '2025-10-17 10:00:00', '2025-10-16 23:00:00',
                508200.0, '6eedb906-062c-4264-8784-7e97558c3af2', '17', NULL, 'PENDING_PAYMENT'),
        ('2025-10-16 22:23:49.479409+07', '2025-10-16 22:23:49.479409+07', '2025-10-17 10:00:00', '2025-10-16 23:00:00',
                6352500.0, '6eedb906-062c-4264-8784-7e97558c3af2', '10', NULL, 'PENDING_PAYMENT');
INSERT INTO public.bookings
        (created_at, updated_at, end_time, start_time, total_amount, user_id, vehicle_id,
        payment_completed_time, status)
VALUES
        ('2025-10-17 07:25:43.687901+07', '2025-10-17 07:25:43.687901+07', '2025-10-18 10:00:00', '2025-10-17 10:00:00',
                1108800.0, '7134554c-b6f7-47c0-84da-1da54275a316', '17', NULL, 'PENDING_PAYMENT'),
        ('2025-10-17 07:33:17.157835+07', '2025-10-17 07:33:17.157835+07', '2025-10-18 10:00:00', '2025-10-17 10:00:00',
                13860000, '7134554c-b6f7-47c0-84da-1da54275a316', '10', NULL, 'PENDING_PAYMENT'),
        ('2025-10-17 07:33:32.272335+07', '2025-10-17 07:33:32.272335+07', '2025-10-18 10:00:00', '2025-10-17 10:00:00',
                13860000, '7134554c-b6f7-47c0-84da-1da54275a316', '10', NULL, 'PENDING_PAYMENT'),
        ('2025-10-17 07:46:54.613756+07', '2025-10-17 07:46:54.613756+07', '2025-10-18 10:00:00', '2025-10-17 10:00:00',
                13860000, 'b6b8d2a2-41a2-4bb3-8add-049b098acc1f', '16', NULL, 'PENDING_PAYMENT'),
        ('2025-10-17 08:04:52.69609+07', '2025-10-17 08:04:52.69609+07', '2025-10-18 23:00:00', '2025-10-18 14:05:00',
                3118500.0, '1d9c2668-1af1-46dc-8a2a-65ee549ecc12', '12', NULL, 'PENDING_PAYMENT'),
        ('2025-10-17 08:05:30.759433+07', '2025-10-17 08:05:30.759433+07', '2025-10-18 23:00:00', '2025-10-18 14:05:00',
                3118500.0, '1d9c2668-1af1-46dc-8a2a-65ee549ecc12', '12', NULL, 'PENDING_PAYMENT'),
        ('2025-10-17 08:35:38.753274+07', '2025-10-17 08:35:38.753274+07', '2025-10-15 11:00:00', '2025-10-15 09:00:00',
                250000.0, '4bd6e7a6-c88b-4a28-aeb5-aaaa11848c4b', 'CAR_001', NULL, 'PENDING_PAYMENT'),
        ('2025-10-17 08:36:49.324916+07', '2025-10-17 08:36:49.324916+07', '2025-10-15 11:00:00', '2025-10-15 09:00:00',
                250000.0, '4bd6e7a6-c88b-4a28-aeb5-aaaa11848c4b', 'CAR_001', NULL, 'PENDING_PAYMENT'),
        ('2025-10-17 08:36:52.188567+07', '2025-10-17 08:36:52.188567+07', '2025-10-15 11:00:00', '2025-10-15 09:00:00',
                250000.0, '4bd6e7a6-c88b-4a28-aeb5-aaaa11848c4b', 'CAR_001', NULL, 'PENDING_PAYMENT'),
        ('2025-10-17 08:39:19.595216+07', '2025-10-17 08:39:19.595216+07', '2025-10-15 13:00:00', '2025-10-15 15:00:00',
                250000.0, '4bd6e7a6-c88b-4a28-aeb5-aaaa11848c4b', 'CAR_001', NULL, 'PENDING_PAYMENT');
INSERT INTO public.bookings
        (created_at, updated_at, end_time, start_time, total_amount, user_id, vehicle_id,
        payment_completed_time, status)
VALUES
        ('2025-10-17 08:40:00.446551+07', '2025-10-17 08:40:00.446551+07', '2025-10-15 13:00:00', '2024-12-01 09:00:00',
                250000.0, '4bd6e7a6-c88b-4a28-aeb5-aaaa11848c4b', 'CAR_001', NULL, 'PENDING_PAYMENT');



INSERT INTO public.payments
        (id, created_at, updated_at, booking_id, gateway, status, total_amount, transaction_ref,
        partner_pay_date, partner_code)
VALUES
        (1760261767806, '2025-10-12 16:36:07.792113+07', '2025-10-12 16:36:07.792113+07', '12', 'VNPAY', 'SUCCESS',
                150000000, '15199806', '20251012163738', NULL),
        (1760262094010, '2025-10-12 16:41:34.001836+07', '2025-10-12 16:41:34.001836+07', '13', 'VNPAY', 'SUCCESS',
                150000000, '15199809', '20251012164304', NULL),
        (1760294810537, '2025-10-13 01:46:50.532836+07', '2025-10-13 01:46:50.532836+07', '14', 'VNPAY', 'SUCCESS',
                15000000, '15200134', '20251013014809', NULL),
        (1760295253694, '2025-10-13 01:54:13.676601+07', '2025-10-13 01:54:13.676601+07', '16', 'VNPAY', 'SUCCESS',
                15000000, '15200136', '20251013015532', '00');
